[
 {
  "id":"control:15",
  "name":"BT IMU",
  "parent":"control:14",
  "inspector":{
   "params":[
    "devname",
    "freq",
    "fblock",
    "degree",
    "mmode",
    "acc_mode",
    "gyro_mode",
    "mag_mode",
    "samples",
    "samples_average",
    "samples_out5"
   ],
   "values":[
    "'/dev/rfcomm31'",
    "150",
    "100",
    "on",
    "5",
    "3",
    "2",
    "1",
    "500",
    "10",
    "4"
   ],
   "tabs":[
   ],
   "tabs_idx":[
   ]
  },
  "viewer":{
   "jshandler":"webview/handlers/ElementHandler"
  },
  "obj_viewer":[
  ],
  "finder":{
   "blocktype":"S-Function",
   "masktype":""
  }
 }
]