[
 {
  "id":"control:58",
  "name":"Stimulator (ScienceMode)",
  "parent":"control:57",
  "inspector":{
   "params":[
    "devname",
    "channels",
    "maintime",
    "grouptime",
    "lfchannels",
    "lffactor",
    "Ts"
   ],
   "values":[
    "'/dev/ttyUSB0'",
    "[1,2]",
    "0",
    "10",
    "[0]",
    "0",
    "0.01"
   ],
   "tabs":[
   ],
   "tabs_idx":[
   ]
  },
  "viewer":{
   "jshandler":"webview/handlers/ElementHandler"
  },
  "obj_viewer":[
  ],
  "finder":{
   "blocktype":"S-Function",
   "masktype":"ScienceMode"
  }
 },
 {
  "id":"control:59",
  "name":"Stimulator (ScienceMode) ARM",
  "parent":"control:57",
  "inspector":{
   "params":[
    "devname",
    "channels",
    "maintime",
    "grouptime",
    "lfchannels",
    "lffactor",
    "Ts"
   ],
   "values":[
    "'/dev/ttyUSB0'",
    "[1,2]",
    "0",
    "10",
    "[0]",
    "0",
    "0.01"
   ],
   "tabs":[
   ],
   "tabs_idx":[
   ]
  },
  "viewer":{
   "jshandler":"webview/handlers/ElementHandler"
  },
  "obj_viewer":[
  ],
  "finder":{
   "blocktype":"S-Function",
   "masktype":"ScienceMode"
  }
 },
 {
  "id":"control:60",
  "name":"chargecontrol",
  "parent":"control:57",
  "inspector":{
   "params":[
    "Nch",
    "Imin",
    "Imax",
    "Ires",
    "pwmin",
    "pwmax",
    "outmode",
    "hystw",
    "Ts"
   ],
   "values":[
    "2",
    "10",
    "50",
    "2",
    "100",
    "500",
    "1",
    "0.5",
    "0.01"
   ],
   "tabs":[
   ],
   "tabs_idx":[
   ]
  },
  "viewer":{
   "jshandler":"webview/handlers/ElementHandler"
  },
  "obj_viewer":[
  ],
  "finder":{
   "blocktype":"S-Function",
   "masktype":"chargecontrol"
  }
 },
 {
  "id":"control:61",
  "name":"chargecontrol ARM",
  "parent":"control:57",
  "inspector":{
   "params":[
    "Nch",
    "Imin",
    "Imax",
    "Ires",
    "pwmin",
    "pwmax",
    "outmode",
    "hystw",
    "Ts"
   ],
   "values":[
    "2",
    "10",
    "50",
    "2",
    "100",
    "500",
    "1",
    "0.5",
    "0.01"
   ],
   "tabs":[
   ],
   "tabs_idx":[
   ]
  },
  "viewer":{
   "jshandler":"webview/handlers/ElementHandler"
  },
  "obj_viewer":[
  ],
  "finder":{
   "blocktype":"S-Function",
   "masktype":"chargecontrol"
  }
 }
]