[
 {
  "id":"control:71",
  "name":"Extract",
  "parent":"control:70",
  "inspector":{
   "params":[
    "ShowPortLabels",
    "Permissions",
    "ErrorFcn",
    "PermitHierarchicalResolution",
    "TreatAsAtomicUnit",
    "RTWSystemCode",
    "ActiveVariant",
    "ActiveVariantBlock",
    "BlockChoice",
    "CheckFcnCallInpInsideContextMsg",
    "FunctionInterfaceSpec",
    "FunctionWithSeparateData",
    "GeneratePreprocessorConditionals",
    "IsSubsystemVirtual",
    "MemberBlocks",
    "MinAlgLoopOccurrences",
    "OverrideUsingVariant",
    "PropExecContextOutsideSubsystem",
    "RTWFcnName",
    "RTWFcnNameOpts",
    "RTWFileName",
    "RTWFileNameOpts",
    "RTWMemSecDataConstants",
    "RTWMemSecDataInternal",
    "RTWMemSecDataParameters",
    "RTWMemSecFuncExecute",
    "RTWMemSecFuncInitTerm",
    "SystemSampleTime",
    "TemplateBlock",
    "Variant",
    "VariantControl"
   ],
   "values":[
    "FromPortIcon",
    "ReadWrite",
    "",
    "All",
    "off",
    "Auto",
    "",
    "",
    "",
    "off",
    "void_void",
    "off",
    "off",
    "on",
    "",
    "off",
    "",
    "off",
    "",
    "Auto",
    "",
    "Auto",
    "Inherit from model",
    "Inherit from model",
    "Inherit from model",
    "Inherit from model",
    "Inherit from model",
    "-1",
    "",
    "off",
    ""
   ],
   "tabs":[
    "Parameter Attributes",
    "-Other"
   ],
   "tabs_idx":[
    0,
    6
   ]
  },
  "viewer":{
   "jshandler":"webview/handlers/ContainerHandler",
   "trgSid":"control:71"
  },
  "obj_viewer":[
  ],
  "finder":{
   "blocktype":"SubSystem",
   "masktype":""
  }
 },
 {
  "id":"control:72",
  "name":"Extract Debug_v02_",
  "parent":"control:70",
  "inspector":{
   "params":[
    "ShowPortLabels",
    "Permissions",
    "ErrorFcn",
    "PermitHierarchicalResolution",
    "TreatAsAtomicUnit",
    "RTWSystemCode",
    "ActiveVariant",
    "ActiveVariantBlock",
    "BlockChoice",
    "CheckFcnCallInpInsideContextMsg",
    "FunctionInterfaceSpec",
    "FunctionWithSeparateData",
    "GeneratePreprocessorConditionals",
    "IsSubsystemVirtual",
    "MemberBlocks",
    "MinAlgLoopOccurrences",
    "OverrideUsingVariant",
    "PropExecContextOutsideSubsystem",
    "RTWFcnName",
    "RTWFcnNameOpts",
    "RTWFileName",
    "RTWFileNameOpts",
    "RTWMemSecDataConstants",
    "RTWMemSecDataInternal",
    "RTWMemSecDataParameters",
    "RTWMemSecFuncExecute",
    "RTWMemSecFuncInitTerm",
    "SystemSampleTime",
    "TemplateBlock",
    "Variant",
    "VariantControl"
   ],
   "values":[
    "FromPortIcon",
    "ReadWrite",
    "",
    "All",
    "off",
    "Auto",
    "",
    "",
    "",
    "off",
    "void_void",
    "off",
    "off",
    "on",
    "",
    "off",
    "",
    "off",
    "",
    "Auto",
    "",
    "Auto",
    "Inherit from model",
    "Inherit from model",
    "Inherit from model",
    "Inherit from model",
    "Inherit from model",
    "-1",
    "",
    "off",
    ""
   ],
   "tabs":[
    "Parameter Attributes",
    "-Other"
   ],
   "tabs_idx":[
    0,
    6
   ]
  },
  "viewer":{
   "jshandler":"webview/handlers/ContainerHandler",
   "trgSid":"control:72"
  },
  "obj_viewer":[
  ],
  "finder":{
   "blocktype":"SubSystem",
   "masktype":""
  }
 },
 {
  "id":"control:73",
  "name":"Extract_v02_",
  "parent":"control:70",
  "inspector":{
   "params":[
    "ShowPortLabels",
    "Permissions",
    "ErrorFcn",
    "PermitHierarchicalResolution",
    "TreatAsAtomicUnit",
    "RTWSystemCode",
    "ActiveVariant",
    "ActiveVariantBlock",
    "BlockChoice",
    "CheckFcnCallInpInsideContextMsg",
    "FunctionInterfaceSpec",
    "FunctionWithSeparateData",
    "GeneratePreprocessorConditionals",
    "IsSubsystemVirtual",
    "MemberBlocks",
    "MinAlgLoopOccurrences",
    "OverrideUsingVariant",
    "PropExecContextOutsideSubsystem",
    "RTWFcnName",
    "RTWFcnNameOpts",
    "RTWFileName",
    "RTWFileNameOpts",
    "RTWMemSecDataConstants",
    "RTWMemSecDataInternal",
    "RTWMemSecDataParameters",
    "RTWMemSecFuncExecute",
    "RTWMemSecFuncInitTerm",
    "SystemSampleTime",
    "TemplateBlock",
    "Variant",
    "VariantControl"
   ],
   "values":[
    "FromPortIcon",
    "ReadWrite",
    "",
    "All",
    "off",
    "Auto",
    "",
    "",
    "",
    "off",
    "void_void",
    "off",
    "off",
    "on",
    "",
    "off",
    "",
    "off",
    "",
    "Auto",
    "",
    "Auto",
    "Inherit from model",
    "Inherit from model",
    "Inherit from model",
    "Inherit from model",
    "Inherit from model",
    "-1",
    "",
    "off",
    ""
   ],
   "tabs":[
    "Parameter Attributes",
    "-Other"
   ],
   "tabs_idx":[
    0,
    6
   ]
  },
  "viewer":{
   "jshandler":"webview/handlers/ContainerHandler",
   "trgSid":"control:73"
  },
  "obj_viewer":[
  ],
  "finder":{
   "blocktype":"SubSystem",
   "masktype":""
  }
 },
 {
  "id":"control:74",
  "name":"Xsens IMUs",
  "parent":"control:70",
  "inspector":{
   "params":[
    "SID00",
    "SID01",
    "SID02",
    "SID03",
    "SID04",
    "SID05",
    "SID06",
    "SID07",
    "SID08",
    "SID09",
    "SID10",
    "Freq",
    "Ts",
    "UseCalibratedValues"
   ],
   "values":[
    "'/dev/xsens_dongle_1'",
    "'00340454'",
    "'0'",
    "'0'",
    "'/dev/xsens_mtx_405783'",
    "'/dev/xsens_mtx_405784'",
    "'0'",
    "'0'",
    "'0'",
    "'0'",
    "'0'",
    "100",
    "0.01",
    "on"
   ],
   "tabs":[
   ],
   "tabs_idx":[
   ]
  },
  "viewer":{
   "jshandler":"webview/handlers/ElementHandler"
  },
  "obj_viewer":[
  ],
  "finder":{
   "blocktype":"S-Function",
   "masktype":""
  }
 },
 {
  "id":"control:75",
  "name":"Xsens IMUs_v02_",
  "parent":"control:70",
  "inspector":{
   "params":[
    "SID00",
    "SID01",
    "SID02",
    "SID03",
    "SID04",
    "SID05",
    "SID06",
    "SID07",
    "SID08",
    "SID09",
    "SID10",
    "Freq",
    "Ts",
    "UseCalibratedValues"
   ],
   "values":[
    "'/dev/xsens_station'",
    "'00342421'",
    "'00340464'",
    "'00340472'",
    "'00340478'",
    "'00340479'",
    "'00340480'",
    "'0'",
    "'0'",
    "'0'",
    "'0'",
    "50",
    "0.02",
    "17"
   ],
   "tabs":[
   ],
   "tabs_idx":[
   ]
  },
  "viewer":{
   "jshandler":"webview/handlers/ElementHandler"
  },
  "obj_viewer":[
  ],
  "finder":{
   "blocktype":"S-Function",
   "masktype":""
  }
 }
]