[
 {
  "id":"control:26",
  "name":"Powermate",
  "parent":"control:25",
  "inspector":{
   "params":[
    "pmin",
    "pmax",
    "ptours",
    "pstart",
    "pbtnmode",
    "pndoubleclick",
    "Ts"
   ],
   "values":[
    "0",
    "1",
    "5",
    "0",
    "1",
    "50",
    "0.01"
   ],
   "tabs":[
   ],
   "tabs_idx":[
   ]
  },
  "viewer":{
   "jshandler":"webview/handlers/ElementHandler"
  },
  "obj_viewer":[
  ],
  "finder":{
   "blocktype":"S-Function",
   "masktype":"Powermate"
  }
 }
]