[
 {
  "id":"control:56",
  "name":"StimYo2",
  "parent":"control:55",
  "inspector":{
   "params":[
    "DeviceName",
    "frequency",
    "ch",
    "vectorsize",
    "syncmode",
    "ps_end",
    "ss_start",
    "ss_end",
    "Ts"
   ],
   "values":[
    "'/dev/ttyUSB0'",
    "4000",
    "[1 2]",
    "200",
    "-1",
    "0",
    "0",
    "3",
    "0.01"
   ],
   "tabs":[
   ],
   "tabs_idx":[
   ]
  },
  "viewer":{
   "jshandler":"webview/handlers/ElementHandler"
  },
  "obj_viewer":[
  ],
  "finder":{
   "blocktype":"S-Function",
   "masktype":""
  }
 }
]