{
 "index":{
  "map":{
   "control":0,
   "control:1":0,
   "control:5":0,
   "control:9":0,
   "control:14":0,
   "control:16":0,
   "control:18":0,
   "control:22":0,
   "control:25":0,
   "control:27":0,
   "control:47":0,
   "control:55":0,
   "control:57":0,
   "control:62":0,
   "control:64":0,
   "control:66":0,
   "control:68":0,
   "control:70":0,
   "control:2":1,
   "control:3":1,
   "control:4":1,
   "control:6":2,
   "control:7":2,
   "control:8":2,
   "control:10":3,
   "control:11":3,
   "control:12":3,
   "control:13":3,
   "control:15":4,
   "control:17":5,
   "control:19":6,
   "control:20":6,
   "control:21":6,
   "control:23":7,
   "control:24":7,
   "control:26":8,
   "control:28":9,
   "control:29":9,
   "control:30":9,
   "control:31":9,
   "control:32":9,
   "control:33":9,
   "control:34":9,
   "control:35":9,
   "control:36":9,
   "control:37":9,
   "control:38":9,
   "control:39":9,
   "control:40":9,
   "control:41":9,
   "control:42":9,
   "control:43":9,
   "control:44":9,
   "control:45":9,
   "control:46":9,
   "control:48":10,
   "control:49":10,
   "control:50":10,
   "control:51":10,
   "control:52":10,
   "control:53":10,
   "control:54":10,
   "control:56":11,
   "control:58":12,
   "control:59":12,
   "control:60":12,
   "control:61":12,
   "control:63":13,
   "control:65":14,
   "control:67":15,
   "control:69":16,
   "control:71":17,
   "control:72":17,
   "control:73":17,
   "control:74":17,
   "control:75":17
  },
  "url":[
   "support/slwebview_files/control.json",
   "support/slwebview_files/control_1.json",
   "support/slwebview_files/control_5.json",
   "support/slwebview_files/control_9.json",
   "support/slwebview_files/control_14.json",
   "support/slwebview_files/control_16.json",
   "support/slwebview_files/control_18.json",
   "support/slwebview_files/control_22.json",
   "support/slwebview_files/control_25.json",
   "support/slwebview_files/control_27.json",
   "support/slwebview_files/control_47.json",
   "support/slwebview_files/control_55.json",
   "support/slwebview_files/control_57.json",
   "support/slwebview_files/control_62.json",
   "support/slwebview_files/control_64.json",
   "support/slwebview_files/control_66.json",
   "support/slwebview_files/control_68.json",
   "support/slwebview_files/control_70.json"
  ]
 },
 "homeHid":"1",
 "hasInformer":0,
 "optViews":[
 ],
 "hier":[
  {
   "name":"control",
   "fullname":"control",
   "sid":"control",
   "icon":"ModelBrowser_ModelTop_16",
   "hid":"1",
   "lid":"control",
   "parent":"root",
   "src":"support/slwebview_files/control.svg",
   "thumbnail":"support/slwebview_files/control.png"
  },
  {
   "name":"ArrayLibrary",
   "fullname":"control/ArrayLibrary",
   "sid":"control:1",
   "icon":"ModelBrowser_Subsystem_16",
   "hid":"2",
   "lid":"control:1/control:1",
   "parent":"1",
   "src":"support/slwebview_files/control_1.svg",
   "thumbnail":"support/slwebview_files/control_1.png"
  },
  {
   "name":"CsgOriEstIMU_block",
   "fullname":"control/CsgOriEstIMU_block",
   "sid":"control:5",
   "icon":"ModelBrowser_Subsystem_16",
   "hid":"3",
   "lid":"control:5/control:5",
   "parent":"1",
   "src":"support/slwebview_files/control_5.svg",
   "thumbnail":"support/slwebview_files/control_5.png"
  },
  {
   "name":"EMGLibrary",
   "fullname":"control/EMGLibrary",
   "sid":"control:9",
   "icon":"ModelBrowser_Subsystem_16",
   "hid":"4",
   "lid":"control:9/control:9",
   "parent":"1",
   "src":"support/slwebview_files/control_9.svg",
   "thumbnail":"support/slwebview_files/control_9.png"
  },
  {
   "name":"Hasomed_BT_IMU",
   "fullname":"control/Hasomed_BT_IMU",
   "sid":"control:14",
   "icon":"ModelBrowser_Subsystem_16",
   "hid":"5",
   "lid":"control:14/control:14",
   "parent":"1",
   "src":"support/slwebview_files/control_14.svg",
   "thumbnail":"support/slwebview_files/control_14.png"
  },
  {
   "name":"LeapMotionLibrary",
   "fullname":"control/LeapMotionLibrary",
   "sid":"control:16",
   "icon":"ModelBrowser_Subsystem_16",
   "hid":"6",
   "lid":"control:16/control:16",
   "parent":"1",
   "src":"support/slwebview_files/control_16.svg",
   "thumbnail":"support/slwebview_files/control_16.png"
  },
  {
   "name":"MiscLibrary",
   "fullname":"control/MiscLibrary",
   "sid":"control:18",
   "icon":"ModelBrowser_Subsystem_16",
   "hid":"7",
   "lid":"control:18/control:18",
   "parent":"1",
   "src":"support/slwebview_files/control_18.svg",
   "thumbnail":"support/slwebview_files/control_18.png"
  },
  {
   "name":"PaPILibrary",
   "fullname":"control/PaPILibrary",
   "sid":"control:22",
   "icon":"ModelBrowser_Subsystem_16",
   "hid":"8",
   "lid":"control:22/control:22",
   "parent":"1",
   "src":"support/slwebview_files/control_22.svg",
   "thumbnail":"support/slwebview_files/control_22.png"
  },
  {
   "name":"PowermateLibrary",
   "fullname":"control/PowermateLibrary",
   "sid":"control:25",
   "icon":"ModelBrowser_Subsystem_16",
   "hid":"9",
   "lid":"control:25/control:25",
   "parent":"1",
   "src":"support/slwebview_files/control_25.svg",
   "thumbnail":"support/slwebview_files/control_25.png"
  },
  {
   "name":"QuaternionLibrary",
   "fullname":"control/QuaternionLibrary",
   "sid":"control:27",
   "icon":"ModelBrowser_Subsystem_16",
   "hid":"10",
   "lid":"control:27/control:27",
   "parent":"1",
   "src":"support/slwebview_files/control_27.svg",
   "thumbnail":"support/slwebview_files/control_27.png"
  },
  {
   "name":"ReferenceLibrary",
   "fullname":"control/ReferenceLibrary",
   "sid":"control:47",
   "icon":"ModelBrowser_Subsystem_16",
   "hid":"11",
   "lid":"control:47/control:47",
   "parent":"1",
   "src":"support/slwebview_files/control_47.svg",
   "thumbnail":"support/slwebview_files/control_47.png"
  },
  {
   "name":"STIMYOLibrary",
   "fullname":"control/STIMYOLibrary",
   "sid":"control:55",
   "icon":"ModelBrowser_Subsystem_16",
   "hid":"12",
   "lid":"control:55/control:55",
   "parent":"1",
   "src":"support/slwebview_files/control_55.svg",
   "thumbnail":"support/slwebview_files/control_55.png"
  },
  {
   "name":"StimulatorLibrary",
   "fullname":"control/StimulatorLibrary",
   "sid":"control:57",
   "icon":"ModelBrowser_Subsystem_16",
   "hid":"13",
   "lid":"control:57/control:57",
   "parent":"1",
   "src":"support/slwebview_files/control_57.svg",
   "thumbnail":"support/slwebview_files/control_57.png"
  },
  {
   "name":"TMSILibrary",
   "fullname":"control/TMSILibrary",
   "sid":"control:62",
   "icon":"ModelBrowser_Subsystem_16",
   "hid":"14",
   "lid":"control:62/control:62",
   "parent":"1",
   "src":"support/slwebview_files/control_62.svg",
   "thumbnail":"support/slwebview_files/control_62.png"
  },
  {
   "name":"TimingLibrary",
   "fullname":"control/TimingLibrary",
   "sid":"control:64",
   "icon":"ModelBrowser_Subsystem_16",
   "hid":"15",
   "lid":"control:64/control:64",
   "parent":"1",
   "src":"support/slwebview_files/control_64.svg",
   "thumbnail":"support/slwebview_files/control_64.png"
  },
  {
   "name":"WebSocketLibrary",
   "fullname":"control/WebSocketLibrary",
   "sid":"control:66",
   "icon":"ModelBrowser_Subsystem_16",
   "hid":"16",
   "lid":"control:66/control:66",
   "parent":"1",
   "src":"support/slwebview_files/control_66.svg",
   "thumbnail":"support/slwebview_files/control_66.png"
  },
  {
   "name":"WriteBinFileLibrary",
   "fullname":"control/WriteBinFileLibrary",
   "sid":"control:68",
   "icon":"ModelBrowser_Subsystem_16",
   "hid":"17",
   "lid":"control:68/control:68",
   "parent":"1",
   "src":"support/slwebview_files/control_68.svg",
   "thumbnail":"support/slwebview_files/control_68.png"
  },
  {
   "name":"XsensLibrary",
   "fullname":"control/XsensLibrary",
   "sid":"control:70",
   "icon":"ModelBrowser_Subsystem_16",
   "hid":"18",
   "lid":"control:70/control:70",
   "parent":"1",
   "src":"support/slwebview_files/control_70.svg",
   "thumbnail":"support/slwebview_files/control_70.png"
  }
 ]
}